dataset,n,corr_dem_abs_log,corr_dem_abs_pct,low_q_n,high_q_n,low_q_abs_log_mean,high_q_abs_log_mean,low_q_abs_pct_mean,high_q_abs_pct_mean
imports,25,-0.1576419924997364,-0.1323988208211703,7,7,0.09974514144203082,0.09589810533945352,0.10442640546317358,0.1040967122011742
exports,25,-0.4198320425883615,-0.37718555442207585,7,7,0.2272980002318111,0.044403147308486775,0.3383340815591233,0.04548157636204152
