dataset,n,coef_dem_share,intercept,p_value,r2
imports,25,-0.1688686952004672,0.18927030593642877,0.45170162626682997,0.02485099779928693
exports,25,-1.1957818740994448,0.7036397430239179,0.03667654794546121,0.1762589439839158
